[{"name":"Adelphi University","city":"Garden City","state":"New York","conference":"Northeast-10 Conference","division":"NCAA D2","ipedsid":"188429","latitude":"40.72147","longitude":"-73.65335","website":"www.adelphi.edu/"},{"name":"Adirondack Community College","city":"Queensbury","state":"New York","conference":"Mountain-Valley Conference","division":"JC","ipedsid":"188438","latitude":"43.35408","longitude":"-73.65521","website":"www.sunyacc.edu"},{"name":"Albright College","city":"Reading","state":"Pennsylvania","conference":"Middle Atlantic Conferences","division":"NCAA D3","ipedsid":"210571","latitude":"40.36131","longitude":"-75.90975","website":"www.albright.edu"},{"name":"Alderson Broaddus University","city":"Philippi","state":"West Virginia","conference":"Great Midwest Athletic Conference","division":"NCAA D2","ipedsid":"237118","latitude":"39.15759","longitude":"-80.04933","website":"www.ab.edu/"},{"name":"Allegany College of Maryland","city":"Cumberland","state":"Maryland","conference":"Maryland Junior College Athletic Association","division":"JC","ipedsid":"161688","latitude":"39.65267","longitude":"-78.72980","website":"www.allegany.edu"},{"name":"Allegheny College","city":"Meadville","state":"Pennsylvania","conference":"North Coast Athletic Conference","division":"NCAA D3","ipedsid":"210669","latitude":"41.64728","longitude":"-80.14573","website":"https://allegheny.edu"},{"name":"Anne Arundel Community College","city":"Arnold","state":"Maryland","conference":"Maryland Junior College Athletic Association","division":"JC","ipedsid":"161767","latitude":"39.04978","longitude":"-76.51223","website":"www.aacc.edu"},{"name":"Appalachian State University","city":"Boone","state":"North Carolina","conference":"Sun Belt Conference","division":"NCAA D1","ipedsid":"197869","latitude":"36.21270","longitude":"-81.67754","website":"www.appstate.edu/"},{"name":"Arcadia University","city":"Glenside","state":"Pennsylvania","conference":"Middle Atlantic Conferences","division":"NCAA D3","ipedsid":"211088","latitude":"40.09194","longitude":"-75.16524","website":"https://www.arcadia.edu"},{"name":"Atlantic Cape Community College","city":"Mays Landing","state":"New Jersey","conference":"Garden State Athletic Conference","division":"JC","ipedsid":"183655","latitude":"39.46143","longitude":"-74.68230","website":"www.atlantic.edu"},{"name":"Averett University","city":"Danville","state":"Virginia","conference":"USA South Athletic Conference","division":"NCAA D3","ipedsid":"231420","latitude":"36.57727","longitude":"-79.41322","website":"https://www.averett.edu"},{"name":"Bard College","city":"Annandale-On-Hudson","state":"New York","conference":"Liberty League","division":"NCAA D3","ipedsid":"189088","latitude":"42.02150","longitude":"-73.91007","website":"www.bard.edu"},{"name":"Barton College","city":"Wilson","state":"North Carolina","conference":"Conference Carolinas","division":"NCAA D2","ipedsid":"197911","latitude":"35.73551","longitude":"-77.91379","website":"https://www.barton.edu/"},{"name":"Belmont Abbey College","city":"Belmont","state":"North Carolina","conference":"Conference Carolinas","division":"NCAA D2","ipedsid":"197984","latitude":"35.26130","longitude":"-81.04187","website":"www.belmontabbeycollege.edu"},{"name":"Bergen Community College","city":"Paramus","state":"New Jersey","conference":"Garden State Athletic Conference","division":"JC","ipedsid":"183743","latitude":"40.95180","longitude":"-74.08876","website":"www.bergen.edu"},{"name":"Bethany College West Virginia","city":"Bethany","state":"West Virginia","conference":"Presidents' Athletic Conference","division":"NCAA D3","ipedsid":"237181","latitude":"40.20566","longitude":"-80.56101","website":"www.bethanywv.edu"},{"name":"Binghamton University","city":"Vestal","state":"New York","conference":"America East Conference","division":"NCAA D1","ipedsid":"196079","latitude":"42.08802","longitude":"-75.97114","website":"www.binghamton.edu"},{"name":"Bloomfield College","city":"Bloomfield","state":"New Jersey","conference":"Central Atlantic Collegiate Conference","division":"NCAA D2","ipedsid":"183822","latitude":"40.79423","longitude":"-74.19593","website":"www.bloomfield.edu/"},{"name":"Bloomsburg University of Pennsylvania","city":"Bloomsburg","state":"Pennsylvania","conference":"Pennsylvania State Athletic Conference","division":"NCAA D2","ipedsid":"211158","latitude":"41.00797","longitude":"-76.44642","website":"www.bloomu.edu"},{"name":"Bluefield State College","city":"Bluefield","state":"West Virginia","conference":"Independent Southeast Region","division":"NCAA D2","ipedsid":"237215","latitude":"37.26575","longitude":"-81.23900","website":"www.bluefieldstate.edu"},{"name":"Bluefield University","city":"Bluefield","state":"Virginia","conference":"Appalachian Athletic Conference","division":"NAIA","ipedsid":"231554","latitude":"37.24592","longitude":"-81.24458","website":"www.bluefield.edu"},{"name":"Brevard College","city":"Brevard","state":"North Carolina","conference":"South Atlantic Conference","division":"NCAA D3","ipedsid":"198066","latitude":"35.23763","longitude":"-82.72972","website":"https://www.brevard.edu"},{"name":"Bridgewater College","city":"Bridgewater","state":"Virginia","conference":"Old Dominion Athletic Conference","division":"NCAA D3","ipedsid":"231581","latitude":"38.37841","longitude":"-78.96905","website":"https://www.bridgewater.edu/about-us"},{"name":"Brookdale Community College","city":"Lincroft","state":"New Jersey","conference":"Garden State Athletic Conference ","division":"JC","ipedsid":"183859","latitude":"40.32491","longitude":"-74.13270","website":"https://www.brookdalecc.edu"},{"name":"Brunswick Community College","city":"Bolivia","state":"North Carolina","conference":"Carolinas Junior College Conference","division":"JC","ipedsid":"198084","latitude":"34.03895","longitude":"-78.22981","website":"www.brunswickcc.edu"},{"name":"Bryant & Stratton College Virginia Beach","city":"Virginia Beach","state":"Virginia","conference":"NJCAA Region 10","division":"JC","ipedsid":"231785","latitude":"36.82775","longitude":"-76.13814","website":"https://www.bryantstratton.edu"},{"name":"Bucknell University","city":"Lewisburg","state":"Pennsylvania","conference":"Patriot League","division":"NCAA D1","ipedsid":"211291","latitude":"40.95366","longitude":"-76.88523","website":"www.bucknell.edu"},{"name":"Bucks County Community College","city":"Newtown","state":"Pennsylvania","conference":"Eastern Pennsylvania Athletic Conference","division":"JC","ipedsid":"211307","latitude":"40.23912","longitude":"-74.96586","website":"www.bucks.edu/"},{"name":"Butler County Community College","city":"Butler","state":"Pennsylvania","conference":"Western Pennsylvania Collegiate Conference","division":"JC","ipedsid":"211343","latitude":"40.82999","longitude":"-79.91112","website":"www.bc3.edu"},{"name":"CAYUGA COUNTY COMMUNITY COLLEGE","city":"Auburn","state":"New York","conference":"Mid-State Athletic Conference","division":"JC","ipedsid":"189839","latitude":"42.94377","longitude":"-76.54321","website":"https://www.cayuga-cc.edu/"},{"name":"Cabrini University","city":"Radnor","state":"Pennsylvania","conference":"Colonial States Athletic Conference","division":"NCAA D3","ipedsid":"211352","latitude":"40.05461","longitude":"-75.37214","website":"www.cabrini.edu"},{"name":"Cairn University","city":"Langhorne","state":"Pennsylvania","conference":"Colonial States Athletic Conference","division":"NCAA D3","ipedsid":"215114","latitude":"40.16581","longitude":"-74.90952","website":"www.cairn.edu"},{"name":"Caldwell University","city":"Caldwell","state":"New Jersey","conference":"Central Atlantic Collegiate Conference","division":"NCAA D2","ipedsid":"183910","latitude":"40.83404","longitude":"-74.27228","website":"www.caldwell.edu"},{"name":"California University of Pennsylvania","city":"California","state":"Pennsylvania","conference":"Pennsylvania State Athletic Conference","division":"NCAA D2","ipedsid":"211361","latitude":"40.06644","longitude":"-79.88447","website":"www.calu.edu"},{"name":"Camden County College","city":"Blackwood","state":"New Jersey","conference":"Garden State Athletic Conference ","division":"JC","ipedsid":"183938","latitude":"39.78505","longitude":"-75.04045","website":"https://www.camdencc.edu"},{"name":"Campbell University","city":"Buies Creek","state":"North Carolina","conference":"Big South Conference ","division":"NCAA D1","ipedsid":"198136","latitude":"35.40937","longitude":"-78.73956","website":"www.campbell.edu"},{"name":"Canisius College","city":"Buffalo","state":"New York","conference":"Metro Atlantic Athletic Conference","division":"NCAA D1","ipedsid":"189705","latitude":"42.92489","longitude":"-78.85092","website":"https://www.canisius.edu"},{"name":"Catawba College","city":"Salisbury","state":"North Carolina","conference":"South Atlantic Conference","division":"NCAA D2","ipedsid":"198215","latitude":"35.69167","longitude":"-80.48385","website":"www.catawba.edu"},{"name":"Catawba Valley Community College","city":"Hickory","state":"North Carolina","conference":"NJCAA Region 10","division":"JC","ipedsid":"198233","latitude":"35.69971","longitude":"-81.28790","website":"www.cvcc.edu"},{"name":"Catholic University of America","city":"Washington","state":"District Of Columbia","conference":"New England Women's & Men's Athletic Conference","division":"NCAA D3","ipedsid":"131283","latitude":"38.93576","longitude":"-76.99897","website":"https://www.catholic.edu"},{"name":"Cazenovia College","city":"Cazenovia","state":"New York","conference":"North Eastern Athletic Conference","division":"NCAA D3","ipedsid":"189848","latitude":"42.93196","longitude":"-75.85410","website":"www.cazenovia.edu"},{"name":"Cecil College","city":"North East","state":"Maryland","conference":"Maryland Junior College Athletic Conference","division":"JC","ipedsid":"162104","latitude":"39.64223","longitude":"-75.95599","website":"www.cecil.edu"},{"name":"Centenary University","city":"Hackettstown","state":"New Jersey","conference":"Colonial States Athletic Conference","division":"NCAA D3","ipedsid":"183974","latitude":"40.84867","longitude":"-74.83282","website":"www.centenaryuniversity.edu"},{"name":"Chatham University","city":"Pittsburgh","state":"Pennsylvania","conference":"Presidents' Athletic Conference","division":"NCAA D3","ipedsid":"211556","latitude":"40.44848","longitude":"-79.92609","website":"www.chatham.edu"},{"name":"Chesapeake College","city":"Wye Mills","state":"Maryland","conference":"Maryland JUCO Athletic Conference","division":"JC","ipedsid":"162168","latitude":"38.95179","longitude":"-76.08308","website":"www.chesapeake.edu"},{"name":"Chestnut Hill College","city":"Philadelphia","state":"Pennsylvania","conference":"Central Atlantic Collegiate Conference","division":"NCAA D2","ipedsid":"211583","latitude":"40.08682","longitude":"-75.22887","website":"www.chc.edu"},{"name":"Chowan University","city":"Murfreesboro","state":"North Carolina","conference":"Conference Carolinas","division":"NCAA D2","ipedsid":"198303","latitude":"36.43625","longitude":"-77.09912","website":"https://www.chowan.edu/"},{"name":"Christopher Newport University","city":"Newport News","state":"Virginia","conference":"Capital Athletic Conference","division":"NCAA D3","ipedsid":"231712","latitude":"37.06332","longitude":"-76.49511","website":"cnu.edu/"},{"name":"Clarion University of Pennsylvania","city":"Clarion","state":"Pennsylvania","conference":"Pennsylvania State Athletic Conference","division":"NCAA D2","ipedsid":"211644","latitude":"41.20904","longitude":"-79.37691","website":"www.clarion.edu"},{"name":"Clarks Summit University","city":"Clarks Summit","state":"Pennsylvania","conference":"Colonial States Athletic Conference","division":"NCAA D3","ipedsid":"211024","latitude":"41.49620","longitude":"-75.68427","website":"https://www.clarkssummitu.edu/"},{"name":"Clarkson University","city":"Potsdam","state":"New York","conference":"Liberty League","division":"NCAA D3","ipedsid":"190044","latitude":"44.66375","longitude":"-74.99991","website":"https://www.clarkson.edu"},{"name":"College of Mount Saint Vincent","city":"Bronx","state":"New York","conference":"Skyline Conference","division":"NCAA D3","ipedsid":"193399","latitude":"40.91283","longitude":"-73.90630","website":"www.mountsaintvincent.edu"},{"name":"College of Southern Maryland","city":"La Plata","state":"Maryland","conference":"Maryland Junior College Athletic Conference","division":"JC","ipedsid":"162122","latitude":"38.55962","longitude":"-77.00933","website":"www.csmd.edu/"},{"name":"Columbia University","city":"New York","state":"New York","conference":"Ivy League","division":"NCAA D1","ipedsid":"190150","latitude":"40.80831","longitude":"-73.96191","website":"www.columbia.edu"},{"name":"Columbia-Greene Community College","city":"Hudson","state":"New York","conference":"Mountain Valley Conference","division":"JC","ipedsid":"190169","latitude":"42.21757","longitude":"-73.81825","website":"www.sunycgcc.edu"},{"name":"Community College of Allegheny County","city":"Pittsburgh","state":"Pennsylvania","conference":"Western Pennsylvania Collegiate Conference","division":"JC","ipedsid":"210605","latitude":"40.44932","longitude":"-80.01397","website":"https://www.ccac.edu"},{"name":"Community College of Baltimore County","city":"Baltimore","state":"Maryland","conference":"Maryland Junior College Athletic Conference","division":"JC","ipedsid":"434672","latitude":"39.35263","longitude":"-76.48210","website":"www.ccbcmd.edu"},{"name":"Concord University","city":"Athens","state":"West Virginia","conference":"Mountain East Conference","division":"NCAA D2","ipedsid":"237330","latitude":"37.42520","longitude":"-81.00568","website":"www.concord.edu"},{"name":"Coppin State University","city":"Baltimore","state":"Maryland","conference":"Mid-Eastern Athletic","division":"NCAA D1","ipedsid":"162283","latitude":"39.31107","longitude":"-76.65857","website":"www.coppin.edu"},{"name":"Cornell University","city":"Ithaca","state":"New York","conference":"Ivy League","division":"NCAA D1","ipedsid":"190415","latitude":"42.44870","longitude":"-76.47655","website":"www.cornell.edu"},{"name":"Corning Community College","city":"Corning","state":"New York","conference":"Mid-State Athletic Conference","division":"JC","ipedsid":"190442","latitude":"42.11728","longitude":"-77.07370","website":"https://www.corning-cc.edu/"},{"name":"County College of Morris","city":"Randolph","state":"New Jersey","conference":"Garden State Athletic Conference","division":"JC","ipedsid":"184180","latitude":"40.85870","longitude":"-74.57868","website":"WWW.CCM.EDU"},{"name":"D'Youville College","city":"Buffalo","state":"New York","conference":"East Coast Conference","division":"NCAA D2","ipedsid":"190716","latitude":"42.90259","longitude":"-78.89079","website":"www.dyc.edu"},{"name":"Davidson College","city":"Davidson","state":"North Carolina","conference":"Atlantic 10 Conference","division":"NCAA D1","ipedsid":"198385","latitude":"35.50002","longitude":"-80.84522","website":"www.davidson.edu/"},{"name":"Davis & Elkins College","city":"Elkins","state":"West Virginia","conference":"Great Midwest Athletic Conference","division":"NCAA D2","ipedsid":"237358","latitude":"38.93045","longitude":"-79.84588","website":"www.dewv.edu"},{"name":"DeSales University","city":"Center Valley","state":"Pennsylvania","conference":"Middle Atlantic Conferences","division":"NCAA D3","ipedsid":"210739","latitude":"40.54013","longitude":"-75.37660","website":"www.desales.edu"},{"name":"Delaware County Community College","city":"Media","state":"Pennsylvania","conference":"Eastern Pennsylvania Athletic Conference","division":"JC","ipedsid":"211927","latitude":"39.96669","longitude":"-75.39311","website":"www.dccc.edu"},{"name":"Delaware State University","city":"Dover","state":"Delaware","conference":"Mid-Eastern Athletic Conference","division":"NCAA D1","ipedsid":"130934","latitude":"39.18718","longitude":"-75.54056","website":"www.desu.edu"},{"name":"Delaware Technical Community College","city":"Dover","state":"Delaware","conference":"Eastern Pennsylvania Athletic Conference","division":"JC","ipedsid":"130907","latitude":"39.19837","longitude":"-75.56009","website":"https://www.dtcc.edu"},{"name":"Delaware Valley University","city":"Doylestown","state":"Pennsylvania","conference":"Middle Atlantic Conferences","division":"NCAA D3","ipedsid":"211981","latitude":"40.29791","longitude":"-75.15828","website":"www.delval.edu"},{"name":"Dickinson College","city":"Carlisle","state":"Pennsylvania","conference":"Centennial Conference","division":"NCAA D3","ipedsid":"212009","latitude":"40.20278","longitude":"-77.19786","website":"www.dickinson.edu"},{"name":"Dominican College","city":"Orangeburg","state":"New York","conference":"Central Atlantic Collegiate Conference","division":"NCAA D2","ipedsid":"190761","latitude":"41.05412","longitude":"-73.95238","website":"www.dc.edu"},{"name":"Drew University","city":"Madison","state":"New Jersey","conference":"Landmark Conference","division":"NCAA D3","ipedsid":"184348","latitude":"40.76066","longitude":"-74.42791","website":"www.drew.edu"},{"name":"Duke University","city":"Durham","state":"North Carolina","conference":"Atlantic Coast Conference","division":"NCAA D1","ipedsid":"198419","latitude":"36.00231","longitude":"-78.93865","website":"WWW.DUKE.EDU"},{"name":"Dutchess Community College","city":"Poughkeepsie","state":"New York","conference":"Mid-Hudson Athletic Conference","division":"JC","ipedsid":"190840","latitude":"41.72550","longitude":"-73.90617","website":"www.sunydutchess.edu"},{"name":"East Carolina University","city":"Greenville","state":"North Carolina","conference":"American Athletic Conference","division":"NCAA D1","ipedsid":"198464","latitude":"35.60638","longitude":"-77.36623","website":"www.ecu.edu"},{"name":"East Stroudsburg University of Pennsylvania","city":"East Stroudsburg","state":"Pennsylvania","conference":"Pennsylvania State Athletic Conference","division":"NCAA D2","ipedsid":"212115","latitude":"40.99701","longitude":"-75.17378","website":"www4.esu.edu/"},{"name":"Eastern Mennonite University","city":"Harrisonburg","state":"Virginia","conference":"Old Dominion Athletic Conference","division":"NCAA D3","ipedsid":"232043","latitude":"38.47007","longitude":"-78.87800","website":"https://emu.edu"},{"name":"Eastern University","city":"Saint Davids","state":"Pennsylvania","conference":"Middle Atlantic Conferences","division":"NCAA D3","ipedsid":"212133","latitude":"40.05207","longitude":"-75.37304","website":"https://www.eastern.edu/about/student-consumer-information"},{"name":"Elizabethtown College","city":"Elizabethtown","state":"Pennsylvania","conference":"Landmark Conference","division":"NCAA D3","ipedsid":"212197","latitude":"40.15003","longitude":"-76.59151","website":"www.etown.edu"},{"name":"Elmira College","city":"Elmira","state":"New York","conference":"Empire 8 Athletic Conference","division":"NCAA D3","ipedsid":"190983","latitude":"42.09666","longitude":"-76.81657","website":"https://www.elmira.edu"},{"name":"Elon University","city":"Elon","state":"North Carolina","conference":"Colonial Athletic Association","division":"NCAA D1","ipedsid":"198516","latitude":"36.10417","longitude":"-79.50559","website":"www.elon.edu"},{"name":"Emory & Henry College","city":"Emory","state":"Virginia","conference":"Old Dominion Athletic Conference","division":"NCAA D3","ipedsid":"232025","latitude":"36.77251","longitude":"-81.83177","website":"www.ehc.edu"},{"name":"Erie Community College","city":"Buffalo","state":"New York","conference":"NJCAA Region 3","division":"JC","ipedsid":"191083","latitude":"42.88173","longitude":"-78.87270","website":"www.ecc.edu"},{"name":"FAIRLEIGH DICKINSON UNIVERSITY FLORHAM","city":"Madison","state":"New Jersey","conference":"Middle Atlantic Conferences","division":"NCAA D3","ipedsid":"184694","latitude":"40.77732","longitude":"-74.43538","website":"www.fdu.edu"},{"name":"Fairleigh Dickinson University","city":"Teaneck","state":"New Jersey","conference":"Northeast Conference","division":"NCAA D1","ipedsid":"184603","latitude":"40.89613","longitude":"-74.03001","website":"www.fdu.edu"},{"name":"Fairmont State University","city":"Fairmont","state":"West Virginia","conference":"Mountain East Conference","division":"NCAA D2","ipedsid":"237367","latitude":"39.48595","longitude":"-80.16206","website":"https://www.fairmontstate.edu/"},{"name":"Farmingdale State College","city":"Farmingdale","state":"New York","conference":"Skyline Conference","division":"NCAA D3","ipedsid":"196042","latitude":"40.75403","longitude":"-73.42638","website":"www.farmingdale.edu/"},{"name":"Felician University","city":"Lodi","state":"New Jersey","conference":"Central Atlantic Collegiate Conference","division":"NCAA D2","ipedsid":"184612","latitude":"40.86726","longitude":"-74.09643","website":"www.felician.edu"},{"name":"Ferrum College","city":"Ferrum","state":"Virginia","conference":"USA South Athletic Conference","division":"NCAA D3","ipedsid":"232089","latitude":"36.92661","longitude":"-80.02090","website":"www.ferrum.edu"},{"name":"Finger Lakes Community College","city":"Canandaigua","state":"New York","conference":"Mid-State Athletic Conference","division":"JC","ipedsid":"191199","latitude":"42.86753","longitude":"-77.24179","website":"www.flcc.edu"},{"name":"Fordham University","city":"Bronx","state":"New York","conference":"Atlantic 10 Conference","division":"NCAA D1","ipedsid":"191241","latitude":"40.86137","longitude":"-73.88988","website":"www.fordham.edu"},{"name":"Franklin and Marshall College","city":"Lancaster","state":"Pennsylvania","conference":"Centennial Conference","division":"NCAA D3","ipedsid":"212577","latitude":"40.04809","longitude":"-76.31907","website":"WWW.FANDM.EDU"},{"name":"Frederick Community College","city":"Frederick","state":"Maryland","conference":"Maryland Junior College Athletic Conference","division":"JC","ipedsid":"162557","latitude":"39.45225","longitude":"-77.41788","website":"www.frederick.edu"},{"name":"Frostburg State University","city":"Frostburg","state":"Maryland","conference":"New Jersey Athletic Conference","division":"NCAA D2","ipedsid":"162584","latitude":"39.65148","longitude":"-78.93390","website":"www.frostburg.edu"},{"name":"Fulton-Montgomery Community College","city":"Johnstown","state":"New York","conference":"NJCAA Region 3","division":"JC","ipedsid":"191302","latitude":"42.98303","longitude":"-74.29414","website":"www.fmcc.edu"},{"name":"Gallaudet University","city":"Washington","state":"District Of Columbia","conference":"Eastern Collegiate Football Conference","division":"NCAA D3","ipedsid":"131450","latitude":"38.90734","longitude":"-76.99371","website":"www.gallaudet.edu"},{"name":"Gannon University","city":"Erie","state":"Pennsylvania","conference":"Pennsylvania State Athletic Conference","division":"NCAA D2","ipedsid":"212601","latitude":"42.12823","longitude":"-80.08666","website":"www.gannon.edu"},{"name":"Gardner-Webb University","city":"Boiling Springs","state":"North Carolina","conference":"Big South Conference","division":"NCAA D1","ipedsid":"198561","latitude":"35.24735","longitude":"-81.66816","website":"www.gardner-webb.edu"},{"name":"Garrett College","city":"McHenry","state":"Maryland","conference":"Maryland JUCO Athletic Conference","division":"JC","ipedsid":"162609","latitude":"39.56066","longitude":"-79.34326","website":"www.garrettcollege.edu/index.php"},{"name":"Genesee Community College","city":"Batavia","state":"New York","conference":"Western New York Conference","division":"JC","ipedsid":"191339","latitude":"43.01688","longitude":"-78.13799","website":"www.genesee.edu"},{"name":"Geneva College","city":"Beaver Falls","state":"Pennsylvania","conference":"Presidents' Athletic Conference","division":"NCAA D3","ipedsid":"212656","latitude":"40.77216","longitude":"-80.32103","website":"www.geneva.edu"},{"name":"George Mason University","city":"Fairfax","state":"Virginia","conference":"Atlantic 10 Conference","division":"NCAA D1","ipedsid":"232186","latitude":"38.83087","longitude":"-77.30790","website":"https://www2.gmu.edu/"},{"name":"George Washington University","city":"Washington","state":"District Of Columbia","conference":"Atlantic 10 Conference","division":"NCAA D1","ipedsid":"131469","latitude":"38.89911","longitude":"-77.04627","website":"https://www.gwu.edu"},{"name":"Georgetown University","city":"Washington","state":"District Of Columbia","conference":"Big East Conference","division":"NCAA D1","ipedsid":"131496","latitude":"38.90876","longitude":"-77.07345","website":"www.georgetown.edu"},{"name":"Gettysburg College","city":"Gettysburg","state":"Pennsylvania","conference":"Centennial Conference","division":"NCAA D3","ipedsid":"212674","latitude":"39.83586","longitude":"-77.23458","website":"WWW.GETTYSBURG.EDU"},{"name":"Glenville State College","city":"Glenville","state":"West Virginia","conference":"Mountain East Conference","division":"NCAA D2","ipedsid":"237385","latitude":"38.93547","longitude":"-80.83342","website":"www.glenville.edu"},{"name":"Goldey-Beacom College","city":"Wilmington","state":"Delaware","conference":"Central Atlantic Collegiate Conference","division":"NCAA D2","ipedsid":"130989","latitude":"39.74102","longitude":"-75.68883","website":"www.gbc.edu"},{"name":"Greensboro College","city":"Greensboro","state":"North Carolina","conference":"USA South Athletic Conference","division":"NCAA D3","ipedsid":"198598","latitude":"36.07113","longitude":"-79.80024","website":"www.greensboro.edu"},{"name":"Grove City College","city":"Grove City","state":"Pennsylvania","conference":"Presidents' Athletic Conference","division":"NCAA D3","ipedsid":"212805","latitude":"41.15594","longitude":"-80.07790","website":"www.gcc.edu"},{"name":"Guilford College","city":"Greensboro","state":"North Carolina","conference":"Old Dominion Athletic Conference","division":"NCAA D3","ipedsid":"198613","latitude":"36.09260","longitude":"-79.88884","website":"https://www.guilford.edu"},{"name":"Gwynedd Mercy University","city":"Gwynedd Valley","state":"Pennsylvania","conference":"Colonial States Athletic Conference","division":"NCAA D3","ipedsid":"212832","latitude":"40.19756","longitude":"-75.23804","website":"https://www.gmercyu.edu/"},{"name":"Hagerstown Community College","city":"Hagerstown","state":"Maryland","conference":"Maryland Junior College Conference","division":"JC","ipedsid":"162690","latitude":"39.63098","longitude":"-77.66737","website":"www.hagerstowncc.edu"},{"name":"Hamilton College","city":"Clinton","state":"New York","conference":"New England Small College Athletic Conference","division":"NCAA D3","ipedsid":"191515","latitude":"43.05428","longitude":"-75.40798","website":"www.hamilton.edu"},{"name":"Hampden-Sydney College","city":"Hampden Sydney","state":"Virginia","conference":"Old Dominion Athletic Conference","division":"NCAA D3","ipedsid":"232256","latitude":"37.24252","longitude":"-78.46138","website":"www.hsc.edu"},{"name":"Harford Community College","city":"Bel Air","state":"Maryland","conference":"Maryland Junior College Athletic Conference","division":"JC","ipedsid":"162706","latitude":"39.56139","longitude":"-76.28178","website":"www.harford.edu"},{"name":"Haverford College","city":"Haverford","state":"Pennsylvania","conference":"Centennial Conference","division":"NCAA D3","ipedsid":"212911","latitude":"40.00733","longitude":"-75.30511","website":"https://www.haverford.edu"},{"name":"Herkimer County Community College","city":"Herkimer","state":"New York","conference":"Mountain Valley Conference","division":"JC","ipedsid":"191612","latitude":"43.03272","longitude":"-75.00717","website":"www.herkimer.edu/"},{"name":"High Point University","city":"High Point","state":"North Carolina","conference":"Big South Conference","division":"NCAA D1","ipedsid":"198695","latitude":"35.97304","longitude":"-79.99446","website":"www.highpoint.edu"},{"name":"Hobart & William Smith Colleges","city":"Geneva","state":"New York","conference":"Liberty League","division":"NCAA D3","ipedsid":"191630","latitude":"42.85897","longitude":"-76.98603","website":"WWW.HWS.EDU"},{"name":"Hofstra University","city":"Hempstead","state":"New York","conference":"Colonial Athletic Association","division":"NCAA D1","ipedsid":"191649","latitude":"40.71595","longitude":"-73.60080","website":"www.hofstra.edu"},{"name":"Hood College","city":"Frederick","state":"Maryland","conference":"MAC Commonwealth Conference","division":"NCAA D3","ipedsid":"162760","latitude":"39.42191","longitude":"-77.41930","website":"www.hood.edu"},{"name":"Houghton College","city":"Houghton","state":"New York","conference":"Empire 8 Athletic Conference","division":"NCAA D3","ipedsid":"191676","latitude":"42.42680","longitude":"-78.15685","website":"www.houghton.edu"},{"name":"Hudson Valley Community College","city":"Troy","state":"New York","conference":"NJCAA Region 3","division":"JC","ipedsid":"191719","latitude":"42.69724","longitude":"-73.68211","website":"www.hvcc.edu"},{"name":"Immaculata University","city":"Immaculata","state":"Pennsylvania","conference":"Colonial States Athletic Conference","division":"NCAA D3","ipedsid":"213011","latitude":"40.02793","longitude":"-75.57066","website":"www.immaculata.edu"},{"name":"Indiana University of Pennsylvania","city":"Indiana","state":"Pennsylvania","conference":"Pennsylvania State Athletic Conference","division":"NCAA D2","ipedsid":"213020","latitude":"40.61557","longitude":"-79.15989","website":"www.iup.edu"},{"name":"Iona College","city":"New Rochelle","state":"New York","conference":"Metro Atlantic Athletic Conference","division":"NCAA D1","ipedsid":"191931","latitude":"40.92668","longitude":"-73.78650","website":"www.iona.edu"},{"name":"Ithaca College","city":"Ithaca","state":"New York","conference":"Liberty League","division":"NCAA D3","ipedsid":"191968","latitude":"42.42262","longitude":"-76.49503","website":"www.ithaca.edu"},{"name":"James Madison University","city":"Harrisonburg","state":"Virginia","conference":"Colonial Athletic Association","division":"NCAA D1","ipedsid":"232423","latitude":"38.43536","longitude":"-78.87168","website":"www.jmu.edu/"},{"name":"Jamestown Community College","city":"Jamestown","state":"New York","conference":"Western New York Athletic Conference","division":"JC","ipedsid":"191986","latitude":"42.11564","longitude":"-79.21883","website":"www.sunyjcc.edu"},{"name":"Jefferson Community College","city":"Watertown","state":"New York","conference":"NJCAA Region 3","division":"JC","ipedsid":"192022","latitude":"43.99117","longitude":"-75.93553","website":"www.sunyjefferson.edu"},{"name":"Johns Hopkins University","city":"Baltimore","state":"Maryland","conference":"Centennial Conference","division":"NCAA D3","ipedsid":"162928","latitude":"39.32983","longitude":"-76.62073","website":"www.jhu.edu"},{"name":"Juniata College","city":"Huntingdon","state":"Pennsylvania","conference":"Centennial Conference","division":"NCAA D3","ipedsid":"213251","latitude":"40.49952","longitude":"-78.01511","website":"www.juniata.edu"},{"name":"Kean University","city":"Union","state":"New Jersey","conference":"New Jersey Athletic Conference","division":"NCAA D3","ipedsid":"185262","latitude":"40.67947","longitude":"-74.23470","website":"www.kean.edu"},{"name":"Keuka College","city":"Keuka Park","state":"New York","conference":"North Eastern Athletic Conference","division":"NCAA D3","ipedsid":"192192","latitude":"42.61525","longitude":"-77.09061","website":"https://www.keuka.edu"},{"name":"Keystone College","city":"La Plume","state":"Pennsylvania","conference":"Colonial States Athletic Conference","division":"NCAA D3","ipedsid":"213303","latitude":"41.55893","longitude":"-75.77749","website":"www.keystone.edu"},{"name":"King's College – Pennsylvania","city":"Wilkes-Barre","state":"Pennsylvania","conference":"Middle Atlantic Conference","division":"NCAA D3","ipedsid":"213321","latitude":"41.24887","longitude":"-75.87807","website":"www.kings.edu"},{"name":"Kutztown University of Pennsylvania","city":"Kutztown","state":"Pennsylvania","conference":"Pennsylvania State Athletic Conference","division":"NCAA D2","ipedsid":"213349","latitude":"40.51333","longitude":"-75.78537","website":"https://www.kutztown.edu/"},{"name":"Lackawanna College","city":"Scranton","state":"Pennsylvania","conference":"NJCAA Region 19","division":"JC","ipedsid":"213376","latitude":"41.41148","longitude":"-75.65928","website":"www.lackawanna.edu"},{"name":"Lafayette College","city":"Easton","state":"Pennsylvania","conference":"Patriot League","division":"NCAA D1","ipedsid":"213385","latitude":"40.69953","longitude":"-75.21135","website":"https://www.lafayette.edu/"},{"name":"Lancaster Bible College","city":"Lancaster","state":"Pennsylvania","conference":"North Eastern Athletic Conference","division":"NCAA D3","ipedsid":"213400","latitude":"40.07365","longitude":"-76.28813","website":"https://www.LBC.edu"},{"name":"Le Moyne College","city":"Syracuse","state":"New York","conference":"Northeast-10 Conference","division":"NCAA D2","ipedsid":"192323","latitude":"43.04874","longitude":"-76.08747","website":"www.lemoyne.edu"},{"name":"Lebanon Valley College","city":"Annville","state":"Pennsylvania","conference":"Middle Atlantic Conferences","division":"NCAA D3","ipedsid":"213507","latitude":"40.33176","longitude":"-76.51380","website":"www.lvc.edu"},{"name":"Lehigh Carbon Community College","city":"Schnecksville","state":"Pennsylvania","conference":"Eastern Pennsylvania Collegiate Conference","division":"JC","ipedsid":"213525","latitude":"40.66392","longitude":"-75.61192","website":"www.lccc.edu"},{"name":"Lehigh University","city":"Bethlehem","state":"Pennsylvania","conference":"Patriot League","division":"NCAA D1","ipedsid":"213543","latitude":"40.60665","longitude":"-75.37714","website":"www.lehigh.edu"},{"name":"Lenoir Community College","city":"Kinston","state":"North Carolina","conference":"NJCAA Region 10","division":"JC","ipedsid":"198817","latitude":"35.23443","longitude":"-77.57156","website":"https://www.lenoircc.edu"},{"name":"Lenoir-Rhyne University","city":"Hickory","state":"North Carolina","conference":"South Atlantic Conference","division":"NCAA D2","ipedsid":"198835","latitude":"35.73997","longitude":"-81.32760","website":"www.lr.edu"},{"name":"Liberty University","city":"Lynchburg","state":"Virginia","conference":"ASUN Conference ","division":"NCAA D1","ipedsid":"232557","latitude":"37.35034","longitude":"-79.17965","website":"www.liberty.edu"},{"name":"Lincoln University - Pennsylvania","city":"Lincoln University","state":"Pennsylvania","conference":"Central Intercollegiate Athletic Association","division":"NCAA D2","ipedsid":"213598","latitude":"39.80774","longitude":"-75.92830","website":"www.lincoln.edu"},{"name":"Lock Haven University","city":"Lock Haven","state":"Pennsylvania","conference":"Pennsylvania State Athletic Conference","division":"NCAA D2","ipedsid":"213613","latitude":"41.14181","longitude":"-77.46225","website":"www.lockhaven.edu"},{"name":"Long Island University","city":"Brooklyn","state":"New York","conference":"Northeast Conference","division":"NCAA D1","ipedsid":"192448","latitude":"40.82074","longitude":"-73.59364","website":"liu.edu/CWPost"},{"name":"Longwood University","city":"Farmville","state":"Virginia","conference":"Big South Conference","division":"NCAA D1","ipedsid":"232566","latitude":"37.30105","longitude":"-78.39584","website":"www.longwood.edu"},{"name":"Louisburg College","city":"Louisburg","state":"North Carolina","conference":"NJCAA Region 10","division":"JC","ipedsid":"198871","latitude":"36.10542","longitude":"-78.29967","website":"www.louisburg.edu"},{"name":"Luzerne County Community College","city":"Nanticoke","state":"Pennsylvania","conference":"Eastern Pennsylvania Athletic Conference","division":"JC","ipedsid":"213659","latitude":"41.19314","longitude":"-75.99324","website":"www.luzerne.edu"},{"name":"Lycoming College","city":"Williamsport","state":"Pennsylvania","conference":"Middle Atlantic Conferences","division":"NCAA D3","ipedsid":"213668","latitude":"41.24611","longitude":"-77.00047","website":"www.lycoming.edu"},{"name":"Manhattan College","city":"Riverdale","state":"New York","conference":"Metro Atlantic Athletic Conference","division":"NCAA D1","ipedsid":"192703","latitude":"40.88973","longitude":"-73.90185","website":"www.manhattan.edu"},{"name":"Manhattanville College","city":"Purchase","state":"New York","conference":"MAC Freedom Conference","division":"NCAA D3","ipedsid":"192749","latitude":"41.03216","longitude":"-73.71564","website":"www.mville.edu"},{"name":"Mansfield University of Pennsylvania","city":"Mansfield","state":"Pennsylvania","conference":"Pennsylvania State Athletic Conference","division":"NCAA D2","ipedsid":"213783","latitude":"41.80794","longitude":"-77.07156","website":"www.mansfield.edu"},{"name":"Marist College","city":"Poughkeepsie","state":"New York","conference":"Metro Atlantic Athletic Conference","division":"NCAA D1","ipedsid":"192819","latitude":"41.72195","longitude":"-73.93438","website":"www.Marist.edu"},{"name":"Mars Hill University","city":"Mars Hill","state":"North Carolina","conference":"South Atlantic Conference","division":"NCAA D2","ipedsid":"198899","latitude":"35.82582","longitude":"-82.55086","website":"www.mhu.edu"},{"name":"Marshall University","city":"Huntington","state":"West Virginia","conference":"Conference USA","division":"NCAA D1","ipedsid":"237525","latitude":"38.42260","longitude":"-82.43060","website":"www.marshall.edu/"},{"name":"Mary Baldwin University","city":"Staunton","state":"Virginia","conference":"USA South Athletic Conference","division":"NCAA D3","ipedsid":"232672","latitude":"38.15477","longitude":"-79.06834","website":"https://www.marybaldwin.edu"},{"name":"Marymount University - VA","city":"Arlington","state":"Virginia","conference":"Capital Athletic Conference","division":"NCAA D3","ipedsid":"232706","latitude":"38.90553","longitude":"-77.12884","website":"https://www.marymount.edu"},{"name":"Marywood University","city":"Scranton","state":"Pennsylvania","conference":"Colonial States Athletic Conference","division":"NCAA D3","ipedsid":"213826","latitude":"41.43455","longitude":"-75.63419","website":"www.marywood.edu/"},{"name":"McDaniel College","city":"Westminster","state":"Maryland","conference":"Centennial Conference","division":"NCAA D3","ipedsid":"164270","latitude":"39.58483","longitude":"-77.00163","website":"www.mcdaniel.edu"},{"name":"Mercer County Community College","city":"West Windsor","state":"New Jersey","conference":"Garden State Athletic Conference","division":"JC","ipedsid":"185509","latitude":"40.25435","longitude":"-74.65076","website":"www.mccc.edu"},{"name":"Mercy College","city":"Dobbs Ferry","state":"New York","conference":"East Coast Conference","division":"NCAA D2","ipedsid":"193016","latitude":"41.02144","longitude":"-73.87459","website":"https://www.mercy.edu"},{"name":"Mercyhurst University","city":"Erie","state":"Pennsylvania","conference":"Pennsylvania State Athletic Conference","division":"NCAA D2","ipedsid":"213987","latitude":"42.10399","longitude":"-80.05554","website":"www.mercyhurst.edu"},{"name":"Messiah University","city":"Mechanicsburg","state":"Pennsylvania","conference":"Middle Atlantic Conferences","division":"NCAA D3","ipedsid":"213996","latitude":"40.15868","longitude":"-76.98854","website":"www.messiah.edu"},{"name":"Methodist University","city":"Fayetteville","state":"North Carolina","conference":"USA South Athletic Conference","division":"NCAA D3","ipedsid":"198969","latitude":"35.13422","longitude":"-78.87384","website":"www.methodist.edu"},{"name":"Middlesex County College","city":"Edison","state":"New Jersey","conference":"Garden State Athletic Conference","division":"JC","ipedsid":"185536","latitude":"40.50471","longitude":"-74.36653","website":"www.middlesexcc.edu"},{"name":"Millersville University of Pennsylvania","city":"Millersville","state":"Pennsylvania","conference":"Pennsylvania State Athletic Conference","division":"NCAA D2","ipedsid":"214041","latitude":"39.99572","longitude":"-76.35259","website":"www.millersville.edu"},{"name":"Misericordia University","city":"Dallas","state":"Pennsylvania","conference":"Middle Atlantic Conferences","division":"NCAA D3","ipedsid":"214069","latitude":"41.34527","longitude":"-75.97159","website":"www.misericordia.edu"},{"name":"Mohawk Valley Community College","city":"Utica","state":"New York","conference":"NJCAA Region 3","division":"JC","ipedsid":"193283","latitude":"43.07734","longitude":"-75.21725","website":"www.mvcc.edu"},{"name":"Molloy College","city":"Rockville Centre","state":"New York","conference":"East Coast Conference","division":"NCAA D2","ipedsid":"193292","latitude":"40.68593","longitude":"-73.62631","website":"www.molloy.edu"},{"name":"Monmouth University","city":"West Long Branch","state":"New Jersey","conference":"Big South Conference","division":"NCAA D1","ipedsid":"185572","latitude":"40.28009","longitude":"-74.00648","website":"www.monmouth.edu"},{"name":"Monroe College","city":"New Rochelle","state":"New York","conference":"NJCAA Region 15","division":"JC","ipedsid":"193308","latitude":"40.86409","longitude":"-73.90053","website":"www.monroecollege.edu"},{"name":"Monroe Community College","city":"Rochester","state":"New York","conference":"NJCAA Region 3","division":"JC","ipedsid":"193326","latitude":"43.10104","longitude":"-77.61009","website":"www.monroecc.edu/"},{"name":"Montclair State University","city":"Montclair","state":"New Jersey","conference":"New Jersey Athletic Conference","division":"NCAA D3","ipedsid":"185590","latitude":"40.85912","longitude":"-74.19854","website":"www.montclair.edu"},{"name":"Montgomery College","city":"Rockville","state":"Maryland","conference":"Maryland Junior College Athletic Conference","division":"JC","ipedsid":"163426","latitude":"39.09851","longitude":"-77.15941","website":"www.montgomerycollege.edu"},{"name":"Montreat College","city":"Montreat","state":"North Carolina","conference":"Appalachian Athletic Conference","division":"NAIA","ipedsid":"199032","latitude":"35.64612","longitude":"-82.29905","website":"www.montreat.edu"},{"name":"Moravian University","city":"Bethlehem","state":"Pennsylvania","conference":"Centennial Conference","division":"NCAA D3","ipedsid":"214157","latitude":"40.63088","longitude":"-75.38096","website":"www.moravian.edu"},{"name":"Mount Saint Mary College","city":"Newburgh","state":"New York","conference":"Skyline Conference","division":"NCAA D3","ipedsid":"193353","latitude":"41.51051","longitude":"-74.01217","website":"www.msmc.edu"},{"name":"Mount St. Mary's University","city":"Emmitsburg","state":"Maryland","conference":"Northeast Conference","division":"NCAA D1","ipedsid":"163462","latitude":"39.68060","longitude":"-77.35217","website":"www.msmary.edu"},{"name":"Muhlenberg College","city":"Allentown","state":"Pennsylvania","conference":"Centennial Conference","division":"NCAA D3","ipedsid":"214175","latitude":"40.59753","longitude":"-75.50831","website":"www.muhlenberg.edu"},{"name":"NEW YORK INSTITUTE OF TECHNOLOGY","city":"Old Westbury","state":"New York","conference":"East Coast Conference","division":"NCAA D2","ipedsid":"194091","latitude":"40.81445","longitude":"-73.60887","website":"www.nyit.edu"},{"name":"Nassau Community College","city":"Garden City","state":"New York","conference":"North Eastern Athletic","division":"JC","ipedsid":"193478","latitude":"40.73046","longitude":"-73.59079","website":"www.ncc.edu/"},{"name":"Neumann University","city":"Aston","state":"Pennsylvania","conference":"Colonial States Athletic Conference","division":"NCAA D3","ipedsid":"214272","latitude":"39.87489","longitude":"-75.44000","website":"www.neumann.edu"},{"name":"New Jersey City University","city":"Jersey City","state":"New Jersey","conference":"Eastern College Athletic Conference","division":"NCAA D3","ipedsid":"185129","latitude":"40.70996","longitude":"-74.08724","website":"www.njcu.edu"},{"name":"New Jersey Institute of Technology","city":"Newark","state":"New Jersey","conference":"America East Conference ","division":"NCAA D1","ipedsid":"185828","latitude":"40.74201","longitude":"-74.17711","website":"www.njit.edu/"},{"name":"New York University","city":"New York","state":"New York","conference":"University Athletic Association","division":"NCAA D3","ipedsid":"193900","latitude":"40.72947","longitude":"-73.99730","website":"www.nyu.edu"},{"name":"Niagara County Community College","city":"Sanborn","state":"New York","conference":"Western New York Conference","division":"JC","ipedsid":"193946","latitude":"43.14703","longitude":"-78.87699","website":"www.niagaracc.suny.edu"},{"name":"Niagara University","city":"Niagara University","state":"New York","conference":"Metro Atlantic Athletic Conference","division":"NCAA D1","ipedsid":"193973","latitude":"43.13731","longitude":"-79.03667","website":"www.niagara.edu"},{"name":"Norfolk State University","city":"Norfolk","state":"Virginia","conference":"Mid-Eastern Athletic Conference","division":"NCAA D1","ipedsid":"232937","latitude":"36.84846","longitude":"-76.26134","website":"www.nsu.edu"},{"name":"North Carolina A&T State University","city":"Greensboro","state":"North Carolina","conference":"Big South Conference","division":"NCAA D1","ipedsid":"199102","latitude":"36.07676","longitude":"-79.77016","website":"www.ncat.edu"},{"name":"North Carolina Central University","city":"Durham","state":"North Carolina","conference":"Mid-Eastern Athletic Conference","division":"NCAA D1","ipedsid":"199157","latitude":"35.97420","longitude":"-78.89856","website":"www.nccu.edu"},{"name":"North Carolina State University","city":"Raleigh","state":"North Carolina","conference":"Atlantic Coast Conference","division":"NCAA D1","ipedsid":"199193","latitude":"35.78513","longitude":"-78.67449","website":"www.ncsu.edu"},{"name":"North Carolina Wesleyan College","city":"Rocky Mount","state":"North Carolina","conference":"USA South Athletic Conference","division":"NCAA D3","ipedsid":"199209","latitude":"36.01744","longitude":"-77.77212","website":"www.ncwc.edu"},{"name":"Northampton County Area Community College","city":"Bethlehem","state":"Pennsylvania","conference":"NJCAA Region 19","division":"JC","ipedsid":"214379","latitude":"40.67250","longitude":"-75.32346","website":"www.northampton.edu"},{"name":"Nyack College","city":"Nyack","state":"New York","conference":"Central Atlantic Collegiate Conference","division":"NCAA D2","ipedsid":"194161","latitude":"41.08637","longitude":"-73.93102","website":"www.nyack.edu/consumerinfo"},{"name":"Ocean County College","city":"Toms River","state":"New Jersey","conference":"Garden State Athletic Conference","division":"JC","ipedsid":"185873","latitude":"40.00784","longitude":"-74.16687","website":"www.ocean.edu/"},{"name":"Ohio Valley University","city":"Vienna","state":"West Virginia","conference":"River States Conference","division":"NAIA","ipedsid":"237640","latitude":"39.31241","longitude":"-81.53778","website":"https://www.ovu.edu"},{"name":"Old Dominion University","city":"Norfolk","state":"Virginia","conference":"Conference USA","division":"NCAA D1","ipedsid":"232982","latitude":"36.88488","longitude":"-76.30969","website":"www.odu.edu"},{"name":"Onondaga Community College","city":"Syracuse","state":"New York","conference":"Middle States Athletic Conference","division":"JC","ipedsid":"194222","latitude":"43.00631","longitude":"-76.19614","website":"www.sunyocc.edu"},{"name":"PENNSYLVANIA STATE UNIVERSITY Eberly","city":"Lemont Furnace","state":"Pennsylvania","conference":"PSUAC, USCAA","division":"NCAA D3","ipedsid":"214759","latitude":"39.94719","longitude":"-79.65780","website":"fayette.psu.edu/"},{"name":"PENNSYLVANIA STATE UNIVERSITY-Penn State Beaver","city":"Monaca","state":"Pennsylvania","conference":"USCAA, Penn State University Athletic Conference","division":"NCAA D3","ipedsid":"214698","latitude":"40.67830","longitude":"-80.29625","website":"beaver.psu.edu/"},{"name":"PENNSYLVANIA STATE UNIVERSITY-Penn State Berks","city":"Reading","state":"Pennsylvania","conference":"United East","division":"NCAA D3","ipedsid":"214704","latitude":"40.35797","longitude":"-75.97213","website":"berks.psu.edu/"},{"name":"PENNSYLVANIA STATE UNIVERSITY-Penn State Harrisburg","city":"Middletown","state":"Pennsylvania","conference":"Capital Athletic Conference","division":"NCAA D3","ipedsid":"214713","latitude":"40.20519","longitude":"-76.74196","website":"harrisburg.psu.edu"},{"name":"PENNSYLVANIA STATE UNIVERSITY-Penn State Schuylkill","city":"Schuylkill Haven","state":"Pennsylvania","conference":"Penn State University Athletic Conference","division":"NAIA","ipedsid":"214810","latitude":"40.64257","longitude":"-76.16641","website":"schuylkill.psu.edu/"},{"name":"POTOMAC STATE COLLEGE OF WEST VIRGINIA UNIVERSITY","city":"Keyser","state":"West Virginia","conference":"NJCAA Region 20","division":"JC","ipedsid":"237701","latitude":"39.43934","longitude":"-78.98269","website":"www.potomacstatecollege.edu"},{"name":"Pace University","city":"New York","state":"New York","conference":"Northeast-10 Conference","division":"NCAA D2","ipedsid":"194310","latitude":"40.71169","longitude":"-74.00489","website":"www.pace.edu"},{"name":"Paul D. Camp Community College","city":"Franklin","state":"Virginia","conference":"NJCAA Region 10","division":"JC","ipedsid":"233037","latitude":"36.67454","longitude":"-76.93759","website":"www.pdc.edu/"},{"name":"Penn State","city":"University Park","state":"Pennsylvania","conference":"Big Ten Conference","division":"NCAA D1","ipedsid":"214759","latitude":"39.94719","longitude":"-79.65780","website":"fayette.psu.edu/"},{"name":"Pennsylvania College of Technology","city":"Williamsport","state":"Pennsylvania","conference":"North Eastern Athletic Conference","division":"NCAA D3","ipedsid":"366252","latitude":"41.23688","longitude":"-77.02540","website":"https://www.pct.edu"},{"name":"Pfeiffer University","city":"Misenheimer","state":"North Carolina","conference":"USA South Athletic Conference","division":"NCAA D3","ipedsid":"199306","latitude":"35.48469","longitude":"-80.28320","website":"www.pfeiffer.edu"},{"name":"Pitt Community College","city":"Winterville","state":"North Carolina","conference":"NJCAA Region 10","division":"JC","ipedsid":"199333","latitude":"35.55060","longitude":"-77.40716","website":"www.pittcc.edu"},{"name":"Point Park University","city":"Pittsburgh","state":"Pennsylvania","conference":"River States Conference","division":"NAIA","ipedsid":"215442","latitude":"40.43850","longitude":"-80.00147","website":"www.pointpark.edu"},{"name":"Pratt Institute","city":"Brooklyn","state":"New York","conference":"Coast to Coast Conference","division":"NCAA D3","ipedsid":"194578","latitude":"40.69114","longitude":"-73.96210","website":"www.pratt.edu"},{"name":"Prince George's Community College","city":"Largo","state":"Maryland","conference":"Maryland JUCO Athletic Conference","division":"JC","ipedsid":"163657","latitude":"38.88849","longitude":"-76.82416","website":"www.pgcc.edu"},{"name":"Princeton University","city":"Princeton","state":"New Jersey","conference":"Ivy League","division":"NCAA D1","ipedsid":"186131","latitude":"40.34711","longitude":"-74.65770","website":"www.princeton.edu"},{"name":"Queens University of Charlotte","city":"Charlotte","state":"North Carolina","conference":"South Atlantic Conference","division":"NCAA D2","ipedsid":"199412","latitude":"35.18892","longitude":"-80.83226","website":"www.queens.edu"},{"name":"ROWAN COLLEGE AT GLOUCESTER COUNTY","city":"Sewell","state":"New Jersey","conference":"Garden State Athletic Conference","division":"JC","ipedsid":"184791","latitude":"39.78146","longitude":"-75.12099","website":"www.rcgc.edu"},{"name":"RUTGERS UNIVERSITY NEW BRUNSWICK","city":"Piscataway","state":"New Jersey","conference":"Big Ten Conference","division":"NCAA D1","ipedsid":"186380","latitude":"40.49953","longitude":"-74.44702","website":"https://newbrunswick.rutgers.edu/"},{"name":"Radford University","city":"Radford","state":"Virginia","conference":"Big South Conference","division":"NCAA D1","ipedsid":"233277","latitude":"37.13688","longitude":"-80.54975","website":"https://www.radford.edu"},{"name":"Ramapo College of New Jersey","city":"Mahwah","state":"New Jersey","conference":"New Jersey Athletic Conference","division":"NCAA D3","ipedsid":"186201","latitude":"41.08091","longitude":"-74.17406","website":"www.ramapo.edu"},{"name":"Randolph-Macon College","city":"Ashland","state":"Virginia","conference":"Old Dominion Athletic Conference","division":"NCAA D3","ipedsid":"233295","latitude":"37.76078","longitude":"-77.47812","website":"www.rmc.edu"},{"name":"Raritan Valley Community College","city":"Branchburg","state":"New Jersey","conference":"Garden State Athletic Conference","division":"JC","ipedsid":"186645","latitude":"40.61025","longitude":"-74.68742","website":"https://www.raritanval.edu"},{"name":"Rensselaer Polytechnic Institute","city":"Troy","state":"New York","conference":"Liberty League","division":"NCAA D3","ipedsid":"194824","latitude":"42.72899","longitude":"-73.67872","website":"www.rpi.edu"},{"name":"Richard Bland College","city":"South Prince George","state":"Virginia","conference":"NJCAA Region 10","division":"JC","ipedsid":"233338","latitude":"37.15695","longitude":"-77.39991","website":"www.rbc.edu"},{"name":"Rider University","city":"Lawrenceville","state":"New Jersey","conference":"Metro Atlantic Athletic Conference","division":"NCAA D1","ipedsid":"186283","latitude":"40.28054","longitude":"-74.73696","website":"www.rider.edu"},{"name":"Roanoke College","city":"Salem","state":"Virginia","conference":"Old Dominion Athletic Conference","division":"NCAA D3","ipedsid":"233426","latitude":"37.29691","longitude":"-80.05640","website":"www.roanoke.edu"},{"name":"Rochester Institute of Technology","city":"Rochester","state":"New York","conference":"Liberty League","division":"NCAA D3","ipedsid":"195003","latitude":"43.08447","longitude":"-77.67382","website":"www.rit.edu/"},{"name":"Rockingham Community College","city":"Wentworth","state":"North Carolina","conference":"NJCAA Region 10","division":"JC","ipedsid":"199485","latitude":"36.38872","longitude":"-79.75837","website":"www.rockinghamcc.edu"},{"name":"Rockland Community College","city":"Suffern","state":"New York","conference":"Mid-Hudson Conference","division":"JC","ipedsid":"195058","latitude":"41.13384","longitude":"-74.08662","website":"www.sunyrockland.edu/"},{"name":"Rosemont College","city":"Rosemont","state":"Pennsylvania","conference":"Colonial States Athletic Conference","division":"NCAA D3","ipedsid":"215691","latitude":"40.03475","longitude":"-75.32992","website":"www.rosemont.edu"},{"name":"Rowan College at Cumberland County","city":"Vineland","state":"New Jersey","conference":"Garden State Athletic Conference","division":"JC","ipedsid":"184205","latitude":"39.43907","longitude":"-75.05696","website":"https://www.rcsj.edu/"},{"name":"Rowan University","city":"Glassboro","state":"New Jersey","conference":"New Jersey Athletic Conference","division":"NCAA D3","ipedsid":"184782","latitude":"39.71058","longitude":"-75.11853","website":"https://www.rowan.edu"},{"name":"Russell Sage College","city":"Troy","state":"New York","conference":"Empire 8 Athletic Conference","division":"NCAA D3","ipedsid":"195128","latitude":"42.72833","longitude":"-73.69293","website":"www.sage.edu"},{"name":"Rutgers University Newark","city":"Newark","state":"New Jersey","conference":"New Jersey Athletic Conference; Eastern College Athletic Conference; Eastern Intercollegiate Volleyball Association","division":"NCAA D3","ipedsid":"186399","latitude":"40.74190","longitude":"-74.17492","website":"https://www.newark.rutgers.edu/"},{"name":"SAINT JOHN FISHER COLLEGE","city":"Rochester","state":"New York","conference":"Empire 8 Athletic Conference","division":"NCAA D3","ipedsid":"195720","latitude":"43.11744","longitude":"-77.51368","website":"https://www.sjfc.edu"},{"name":"ST JOHN'S UNIVERSITY-NEW YORK","city":"Queens","state":"New York","conference":"Big East Conference","division":"NCAA D1","ipedsid":"195809","latitude":"40.72202","longitude":"-73.79506","website":"www.stjohns.edu"},{"name":"ST. JOSEPH'S COLLEGE LONG ISLAND","city":"Patchogue","state":"New York","conference":"Skyline Conference, Eastern College Athletic Conference","division":"NCAA D3","ipedsid":"195562","latitude":"40.77567","longitude":"-73.02469","website":"sjcny.edu"},{"name":"STATE UNIVERSITY OF NEW YORK AT NEW PALTZ","city":"New Paltz","state":"New York","conference":"State University of New York Athletic Conference","division":"NCAA D3","ipedsid":"196176","latitude":"41.73725","longitude":"-74.08877","website":"www.newpaltz.edu"},{"name":"SUNY Broome Community College","city":"Binghamton","state":"New York","conference":"Mid-State Athletic Conference","division":"JC","ipedsid":"189547","latitude":"42.13531","longitude":"-75.90921","website":"WWW.SUNYBROOME.EDU"},{"name":"SUNY COLLEGE OF AGRICULTURE AND TECHNOLOGY AT COBLESKILL","city":"Cobleskill","state":"New York","conference":"North Eastern Athletic Conference","division":"NCAA D3","ipedsid":"196033","latitude":"42.67434","longitude":"-74.49734","website":"www.cobleskill.edu/"},{"name":"SUNY Canton","city":"Canton","state":"New York","conference":"Other","division":"NCAA D3","ipedsid":"196015","latitude":"44.60594","longitude":"-75.18475","website":"www.canton.edu"},{"name":"SUNY College at Brockport","city":"Brockport","state":"New York","conference":"Empire 8 Athletic Conference","division":"NCAA D3","ipedsid":"196121","latitude":"43.21181","longitude":"-77.95147","website":"https://www.brockport.edu"},{"name":"SUNY College at Old Westbury","city":"Old Westbury","state":"New York","conference":"Skyline Conference","division":"NCAA D3","ipedsid":"196237","latitude":"40.79666","longitude":"-73.57299","website":"www.oldwestbury.edu"},{"name":"SUNY Cortland","city":"Cortland","state":"New York","conference":"State University of New York Athletic Conference","division":"NCAA D3","ipedsid":"196149","latitude":"42.59730","longitude":"-76.19188","website":"www2.cortland.edu"},{"name":"SUNY Maritime College","city":"Throggs Neck","state":"New York","conference":"Eastern Collegiate Football Conference","division":"NCAA D3","ipedsid":"196291","latitude":"40.80920","longitude":"-73.80111","website":"www.sunymaritime.edu"},{"name":"SUNY ONEONTA","city":"Oneonta","state":"New York","conference":"State University of New York Athletic Conference","division":"NCAA D3","ipedsid":"196185","latitude":"42.46655","longitude":"-75.06418","website":"https://suny.oneonta.edu"},{"name":"SUNY Orange County Community College","city":"Middletown","state":"New York","conference":"Intercollegiate Community Colleges Conference","division":"JC","ipedsid":"194240","latitude":"41.43946","longitude":"-74.42690","website":"www.sunyorange.edu/"},{"name":"SUNY Oswego","city":"Oswego","state":"New York","conference":"State University of New York Athletic Conference","division":"NCAA D3","ipedsid":"196194","latitude":"43.45381","longitude":"-76.54390","website":"https://www.oswego.edu/"},{"name":"SUNY Plattsburgh","city":"Plattsburgh","state":"New York","conference":"State University of New York Athletic Conference","division":"NCAA D3","ipedsid":"196246","latitude":"44.69306","longitude":"-73.46670","website":"www.plattsburgh.edu"},{"name":"SUNY Westchester Community College","city":"Valhalla","state":"New York","conference":"Mid-Hudson Conference","division":"JC","ipedsid":"197294","latitude":"41.06731","longitude":"-73.78781","website":"www.sunywcc.edu"},{"name":"SUNY at Albany","city":"Albany","state":"New York","conference":"America East Conference ","division":"NCAA D1","ipedsid":"196060","latitude":"42.68691","longitude":"-73.82499","website":"www.albany.edu"},{"name":"SUNY at Fredonia","city":"Fredonia","state":"New York","conference":"State University of New York Athletic Conference","division":"NCAA D3","ipedsid":"196158","latitude":"42.45097","longitude":"-79.33614","website":"www.fredonia.edu"},{"name":"SUNY at Purchase College","city":"Purchase","state":"New York","conference":"Skyline Conference","division":"NCAA D3","ipedsid":"196219","latitude":"41.04925","longitude":"-73.70190","website":"www.purchase.edu"},{"name":"Saint Elizabeth University","city":"Morristown","state":"New Jersey","conference":"North Eastern Athletic Conference","division":"NCAA D3","ipedsid":"186618","latitude":"40.78094","longitude":"-74.43754","website":"www.cse.edu"},{"name":"Saint Joseph's University","city":"Philadelphia","state":"Pennsylvania","conference":"Atlantic 10 Conference","division":"NCAA D1","ipedsid":"215770","latitude":"39.99446","longitude":"-75.23833","website":"https://www.sju.edu"},{"name":"Saint Peter's University","city":"Jersey City","state":"New Jersey","conference":"Metro Atlantic Athletic Conference","division":"NCAA D1","ipedsid":"186432","latitude":"40.72714","longitude":"-74.07154","website":"www.saintpeters.edu"},{"name":"Saint Vincent College","city":"Latrobe","state":"Pennsylvania","conference":"Presidents' Athletic Conference","division":"NCAA D3","ipedsid":"215798","latitude":"40.29220","longitude":"-79.40206","website":"https://www.stvincent.edu"},{"name":"Salem Community College","city":"Carneys Point","state":"New Jersey","conference":"Garden State Athletic Conference","division":"JC","ipedsid":"186469","latitude":"39.69852","longitude":"-75.46970","website":"www.salemcc.edu"},{"name":"Salem University","city":"Salem","state":"West Virginia","conference":"Independent","division":"NCAA D2","ipedsid":"237783","latitude":"39.28868","longitude":"-80.57178","website":"www.salemu.edu"},{"name":"Salisbury University","city":"Salisbury","state":"Maryland","conference":"Empire 8 Athletic Conference","division":"NCAA D3","ipedsid":"163851","latitude":"38.34540","longitude":"-75.60575","website":"www.salisbury.edu"},{"name":"Schenectady County Community College","city":"Schenectady","state":"New York","conference":"Mountain Valley Conference","division":"JC","ipedsid":"195322","latitude":"42.81438","longitude":"-73.94998","website":"sunysccc.edu"},{"name":"Seton Hall University","city":"South Orange","state":"New Jersey","conference":"Big East Conference","division":"NCAA D1","ipedsid":"186584","latitude":"40.74287","longitude":"-74.24877","website":"www.shu.edu/"},{"name":"Seton Hill University","city":"Greensburg","state":"Pennsylvania","conference":"Pennsylvania State Athletic Conference","division":"NCAA D2","ipedsid":"215947","latitude":"40.30865","longitude":"-79.55622","website":"www.setonhill.edu"},{"name":"Shenandoah University","city":"Winchester","state":"Virginia","conference":"Old Dominion Athletic Conference","division":"NCAA D3","ipedsid":"233541","latitude":"39.16603","longitude":"-78.15836","website":"www.su.edu"},{"name":"Shepherd University","city":"Shepherdstown","state":"West Virginia","conference":"Mountain East Conference","division":"NCAA D2","ipedsid":"237792","latitude":"39.43413","longitude":"-77.80495","website":"www.shepherd.edu/"},{"name":"Shippensburg University of Pennsylvania","city":"Shippensburg","state":"Pennsylvania","conference":"Pennsylvania State Athletic Conference","division":"NCAA D2","ipedsid":"216010","latitude":"40.06195","longitude":"-77.52200","website":"www.ship.edu/"},{"name":"Siena College","city":"Loudonville","state":"New York","conference":"Metro Atlantic Athletic Conference","division":"NCAA D1","ipedsid":"195474","latitude":"42.71864","longitude":"-73.75101","website":"https://www.siena.edu"},{"name":"Skidmore College","city":"Saratoga Springs","state":"New York","conference":"Liberty League","division":"NCAA D3","ipedsid":"195526","latitude":"43.09700","longitude":"-73.78533","website":"www.skidmore.edu/"},{"name":"Slippery Rock University OF PENNSYLVANIA","city":"Slippery Rock","state":"Pennsylvania","conference":"Pennsylvania State Athletic Conference","division":"NCAA D2","ipedsid":"216038","latitude":"41.06092","longitude":"-80.05208","website":"www.sru.edu"},{"name":"Southeastern Community College – North Carolina","city":"Whiteville","state":"North Carolina","conference":"NJCAA Region 10","division":"JC","ipedsid":"199722","latitude":"34.33171","longitude":"-78.78339","website":"www.sccnc.edu"},{"name":"Southern Virginia University","city":"Buena Vista","state":"Virginia","conference":"Capital Athletic Conference","division":"NCAA D3","ipedsid":"233611","latitude":"37.74068","longitude":"-79.35033","website":"www.svu.edu"},{"name":"St. Andrews University","city":"Laurinburg","state":"North Carolina","conference":"Appalachian Athletic Conference","division":"NAIA","ipedsid":"199698","latitude":"34.74562","longitude":"-79.47858","website":"www.sa.edu"},{"name":"St. Bonaventure University","city":"Saint Bonaventure","state":"New York","conference":"Atlantic 10 Conference","division":"NCAA D1","ipedsid":"195164","latitude":"42.08018","longitude":"-78.48303","website":"www.sbu.edu"},{"name":"St. Joseph's College Brooklyn","city":"Brooklyn","state":"New York","conference":"Skyline Conference (Division III)","division":"NCAA D3","ipedsid":"195544","latitude":"40.69034","longitude":"-73.96793","website":"www.sjcny.edu"},{"name":"St. Lawrence University","city":"Canton","state":"New York","conference":"Liberty League","division":"NCAA D3","ipedsid":"195216","latitude":"44.58983","longitude":"-75.16132","website":"www.stlawu.edu"},{"name":"St. Mary's College of Maryland","city":"St. Mary's City","state":"Maryland","conference":"Capital Athletic Conference","division":"NCAA D3","ipedsid":"163912","latitude":"38.18859","longitude":"-76.42575","website":"www.smcm.edu"},{"name":"St. Thomas Aquinas College","city":"Sparkill","state":"New York","conference":"East Coast Conference","division":"NCAA D2","ipedsid":"195243","latitude":"41.04219","longitude":"-73.93685","website":"www.stac.edu"},{"name":"Stevens Institute of Technology","city":"Hoboken","state":"New Jersey","conference":"Empire 8 Athletic Conference","division":"NCAA D3","ipedsid":"186867","latitude":"40.74477","longitude":"-74.02532","website":"www.stevens.edu"},{"name":"Stevenson University","city":"Stevenson","state":"Maryland","conference":"Middle Atlantic Conferences","division":"NCAA D3","ipedsid":"164173","latitude":"39.42130","longitude":"-76.70126","website":"www.stevenson.edu"},{"name":"Stockton University","city":"Galloway","state":"New Jersey","conference":"New Jersey Athletic Conference","division":"NCAA D3","ipedsid":"186876","latitude":"39.49195","longitude":"-74.53260","website":"www.stockton.edu"},{"name":"Stony Brook University","city":"Stony Brook","state":"New York","conference":"Colonial Athletic Association","division":"NCAA D1","ipedsid":"196097","latitude":"40.91558","longitude":"-73.12107","website":"https://www.stonybrook.edu"},{"name":"Suffolk County Community College","city":"Selden","state":"New York","conference":"NJCAA Region 10","division":"JC","ipedsid":"366395","latitude":"40.84901","longitude":"-73.05620","website":"www3.sunysuffolk.edu"},{"name":"Sullivan County Community College","city":"Loch Sheldrake","state":"New York","conference":"Mid-Hudson Conference","division":"JC","ipedsid":"195988","latitude":"41.76390","longitude":"-74.66876","website":"www.sunysullivan.edu/"},{"name":"Surry Community College","city":"Dobson","state":"North Carolina","conference":"NJCAA Region 10","division":"JC","ipedsid":"199768","latitude":"36.38432","longitude":"-80.71687","website":"https://www.surry.edu"},{"name":"Susquehanna University","city":"Selinsgrove","state":"Pennsylvania","conference":"Centennial Conference","division":"NCAA D3","ipedsid":"216278","latitude":"40.79749","longitude":"-76.87536","website":"www.susqu.edu"},{"name":"Sussex County Community College","city":"Newton","state":"New Jersey","conference":"NJCAA Region 19","division":"JC","ipedsid":"247603","latitude":"41.06768","longitude":"-74.75807","website":"www.sussex.edu"},{"name":"Swarthmore College","city":"Swarthmore","state":"Pennsylvania","conference":"Centennial Conference","division":"NCAA D3","ipedsid":"216287","latitude":"39.90595","longitude":"-75.35160","website":"www.swarthmore.edu"},{"name":"The College of New Jersey","city":"Ewing","state":"New Jersey","conference":"New Jersey Athletic Conference","division":"NCAA D3","ipedsid":"187134","latitude":"40.26874","longitude":"-74.77737","website":"www.tcnj.edu"},{"name":"The College of Saint Rose","city":"Albany","state":"New York","conference":"Northeast-10 Conference","division":"NCAA D2","ipedsid":"195234","latitude":"42.66409","longitude":"-73.78563","website":"www.strose.edu"},{"name":"The University of Virginia's College at Wise","city":"Wise","state":"Virginia","conference":"Mountain East Conference","division":"NCAA D2","ipedsid":"233897","latitude":"36.97146","longitude":"-82.55875","website":"https://www.uvawise.edu/"},{"name":"Thiel College","city":"Greenville","state":"Pennsylvania","conference":"Presidents' Athletic Conference","division":"NCAA D3","ipedsid":"216357","latitude":"41.41200","longitude":"-80.38410","website":"www.thiel.edu"},{"name":"Thomas Jefferson University","city":"Philadelphia","state":"Pennsylvania","conference":"Central Atlantic Collegiate Conference","division":"NCAA D2","ipedsid":"215099","latitude":"40.02165","longitude":"-75.19275","website":"NOT AVAILABLE"},{"name":"Tompkins Cortland Community College","city":"Dryden","state":"New York","conference":"Mid-State Athletic Conference","division":"JC","ipedsid":"196565","latitude":"42.50200","longitude":"-76.28759","website":"www.tompkinscortland.edu"},{"name":"Towson University","city":"Towson","state":"Maryland","conference":"Colonial Athletic Association","division":"NCAA D1","ipedsid":"164076","latitude":"39.39298","longitude":"-76.61223","website":"www.towson.edu"},{"name":"UNIVERSITY OF PITTSBURGH JOHNSTOWN","city":"Johnstown","state":"Pennsylvania","conference":"Pennsylvania State Athletic Conference","division":"NCAA D2","ipedsid":"215284","latitude":"40.26784","longitude":"-78.83238","website":"www.upj.pitt.edu"},{"name":"Union College NY","city":"Schenectady","state":"New York","conference":"Liberty League","division":"NCAA D3","ipedsid":"196866","latitude":"42.81760","longitude":"-73.92854","website":"www.union.edu/"},{"name":"Union County College","city":"Cranford","state":"New Jersey","conference":"Garden State Athletic Conference","division":"JC","ipedsid":"187198","latitude":"40.66780","longitude":"-74.31979","website":"https://www.ucc.edu"},{"name":"United States Merchant Marine Academy","city":"Kings Point","state":"New York","conference":"New England Women's & Men's Athletic Conference","division":"NCAA D3","ipedsid":"197027","latitude":"40.81213","longitude":"-73.76258","website":"https://www.usmma.edu"},{"name":"United States Military Academy","city":"West Point","state":"New York","conference":"Patriot League","division":"NCAA D1","ipedsid":"197036","latitude":"41.39087","longitude":"-73.95682","website":"www.westpoint.edu"},{"name":"United States Naval Academy","city":"Annapolis","state":"Maryland","conference":"American Athletic Conference","division":"NCAA D1","ipedsid":"164155","latitude":"38.98055","longitude":"-76.48167","website":"www.usna.edu"},{"name":"University of Charleston","city":"Charleston","state":"West Virginia","conference":"Mountain East Conference","division":"NCAA D2","ipedsid":"237312","latitude":"38.33217","longitude":"-81.61671","website":"www.ucwv.edu"},{"name":"University of Delaware","city":"Newark","state":"Delaware","conference":"Colonial Athletic Association","division":"NCAA D1","ipedsid":"130943","latitude":"39.67801","longitude":"-75.75283","website":"www.udel.edu/"},{"name":"University of Lynchburg","city":"Lynchburg","state":"Virginia","conference":"Old Dominion Athletic Conference","division":"NCAA D3","ipedsid":"232609","latitude":"37.39765","longitude":"-79.18417","website":"www.lynchburg.edu"},{"name":"University of Mary Washington","city":"Fredericksburg","state":"Virginia","conference":"Capital Athletic Conference","division":"NCAA D3","ipedsid":"232681","latitude":"38.30178","longitude":"-77.47389","website":"www.umw.edu"},{"name":"University of Maryland","city":"College Park","state":"Maryland","conference":"Big Ten Conference","division":"NCAA D1","ipedsid":"163286","latitude":"38.98862","longitude":"-76.93966","website":"www.umd.edu"},{"name":"University of Maryland Baltimore County","city":"Baltimore","state":"Maryland","conference":"America East Conference","division":"NCAA D1","ipedsid":"163268","latitude":"39.25672","longitude":"-76.71157","website":"umbc.edu"},{"name":"University of Maryland Eastern Shore","city":"Princess Anne","state":"Maryland","conference":"Mid-Eastern Athletic Conference","division":"NCAA D1","ipedsid":"163338","latitude":"38.21123","longitude":"-75.68719","website":"www.umes.edu"},{"name":"University of Mount Olive","city":"Mount Olive","state":"North Carolina","conference":"Conference Carolinas","division":"NCAA D2","ipedsid":"199069","latitude":"35.20627","longitude":"-78.07128","website":"https://www.umo.edu"},{"name":"University of North Carolina Wilmington","city":"Wilmington","state":"North Carolina","conference":"Colonial Athletic Association","division":"NCAA D1","ipedsid":"199218","latitude":"34.22520","longitude":"-77.87555","website":"www.uncw.edu"},{"name":"University of North Carolina at Asheville","city":"Asheville","state":"North Carolina","conference":"Big South Conference","division":"NCAA D1","ipedsid":"199111","latitude":"35.61662","longitude":"-82.56527","website":"https://www.unca.edu"},{"name":"University of North Carolina at Chapel Hill","city":"Chapel Hill","state":"North Carolina","conference":"Atlantic Coast Conference","division":"NCAA D1","ipedsid":"199120","latitude":"35.91219","longitude":"-79.05100","website":"www.unc.edu"},{"name":"University of North Carolina at Charlotte","city":"Charlotte","state":"North Carolina","conference":"Conference USA","division":"NCAA D1","ipedsid":"199139","latitude":"35.30683","longitude":"-80.73576","website":"https://www.uncc.edu"},{"name":"University of North Carolina at Greensboro","city":"Greensboro","state":"North Carolina","conference":"Southern Conference","division":"NCAA D1","ipedsid":"199148","latitude":"36.06556","longitude":"-79.81305","website":"www.uncg.edu"},{"name":"University of North Carolina at Pembroke","city":"Pembroke","state":"North Carolina","conference":"Division II Independents","division":"NCAA D2","ipedsid":"199281","latitude":"34.68930","longitude":"-79.19971","website":"www.uncp.edu"},{"name":"University of Pennsylvania","city":"Philadelphia","state":"Pennsylvania","conference":"Ivy League","division":"NCAA D1","ipedsid":"215062","latitude":"39.95103","longitude":"-75.19358","website":"www.upenn.edu"},{"name":"University of Pittsburgh-PITTSBURGH CAMPUS","city":"Pittsburgh","state":"Pennsylvania","conference":"Atlantic Coast Conference","division":"NCAA D1","ipedsid":"215293","latitude":"40.44264","longitude":"-79.95412","website":"www.pitt.edu"},{"name":"University of Richmond","conference":"Atlantic 10 Conference","division":"NCAA D1","ipedsid":"233374","latitude":"37.57742","longitude":"-77.53880","website":"www.richmond.edu"},{"name":"University of Rochester","city":"Rochester","state":"New York","conference":"University Athletic Association","division":"NCAA D3","ipedsid":"195030","latitude":"43.12644","longitude":"-77.63116","website":"www.rochester.edu"},{"name":"University of Scranton","city":"Scranton","state":"Pennsylvania","conference":"Landmark Conference","division":"NCAA D3","ipedsid":"215929","latitude":"41.40712","longitude":"-75.65804","website":"www.scranton.edu"},{"name":"University of Valley Forge","city":"Phoenixville","state":"Pennsylvania","conference":"Colonial States Athletic Conference","division":"NCAA D3","ipedsid":"216542","latitude":"40.11908","longitude":"-75.54884","website":"https://www.valleyforge.edu"},{"name":"University of Virginia","city":"Charlottesville","state":"Virginia","conference":"Atlantic Coast Conference","division":"NCAA D1","ipedsid":"234076","latitude":"38.03393","longitude":"-78.51188","website":"www.virginia.edu"},{"name":"University of the Sciences","city":"Philadelphia","state":"Pennsylvania","conference":"Central Atlantic Collegiate Conference","division":"NCAA D2","ipedsid":"215132","latitude":"39.94651","longitude":"-75.20829","website":"www.usciences.edu"},{"name":"Ursinus College","city":"Collegeville","state":"Pennsylvania","conference":"Centennial Conference","division":"NCAA D3","ipedsid":"216524","latitude":"40.19421","longitude":"-75.45807","website":"www.ursinus.edu"},{"name":"Utica College","city":"Utica","state":"New York","conference":"Empire 8 Athletic Conference","division":"NCAA D3","ipedsid":"197045","latitude":"43.09448","longitude":"-75.27638","website":"www.utica.edu/"},{"name":"Vassar College","city":"Poughkeepsie","state":"New York","conference":"Liberty League","division":"NCAA D3","ipedsid":"197133","latitude":"41.68596","longitude":"-73.89753","website":"www.vassar.edu"},{"name":"Villanova University","city":"Villanova","state":"Pennsylvania","conference":"Big East Conference","division":"NCAA D1","ipedsid":"216597","latitude":"40.03575","longitude":"-75.34023","website":"www.villanova.edu"},{"name":"Virginia Commonwealth University","city":"Richmond","state":"Virginia","conference":"Atlantic 10 Conference","division":"NCAA D1","ipedsid":"234030","latitude":"37.54761","longitude":"-77.45362","website":"https://www.vcu.edu/"},{"name":"Virginia Military Institute","city":"Lexington","state":"Virginia","conference":"Southern Conference ","division":"NCAA D1","ipedsid":"234085","latitude":"37.79073","longitude":"-79.43521","website":"www.vmi.edu"},{"name":"Virginia State University","city":"Petersburg","state":"Virginia","conference":"Central Intercollegiate Athletic Association","division":"NCAA D2","ipedsid":"234155","latitude":"37.23650","longitude":"-77.41990","website":"www.vsu.edu"},{"name":"Virginia Tech","city":"Blacksburg","state":"Virginia","conference":"Atlantic Coast Conference","division":"NCAA D1","ipedsid":"233921","latitude":"37.22988","longitude":"-80.41996","website":"WWW.VT.EDU"},{"name":"Virginia Wesleyan University","city":"Norfolk","state":"Virginia","conference":"Old Dominion Athletic Conference","division":"NCAA D3","ipedsid":"234173","latitude":"36.86846","longitude":"-76.18608","website":"www.vwu.edu"},{"name":"WESTMINSTER COLLEGE PENNSYLVANIA","city":"New Wilmington","state":"Pennsylvania","conference":"Presidents' Athletic Conference","division":"NCAA D3","ipedsid":"216807","latitude":"41.11826","longitude":"-80.33138","website":"www.westminster.edu"},{"name":"Wagner College","city":"Staten Island","state":"New York","conference":"Northeast Conference","division":"NCAA D1","ipedsid":"197197","latitude":"40.61450","longitude":"-74.09082","website":"www.wagner.edu"},{"name":"Wake Forest University","city":"Winston-Salem","state":"North Carolina","conference":"Atlantic Coast Conference","division":"NCAA D1","ipedsid":"199847","latitude":"36.13205","longitude":"-80.27792","website":"www.wfu.edu"},{"name":"Wake Technical Community College","city":"Raleigh","state":"North Carolina","conference":"NJCAA Region 10","division":"JC","ipedsid":"199856","latitude":"35.65019","longitude":"-78.70610","website":"www.waketech.edu/"},{"name":"Washington & Jefferson College","city":"Washington","state":"Pennsylvania","conference":"Presidents' Athletic Conference","division":"NCAA D3","ipedsid":"216667","latitude":"40.17091","longitude":"-80.24073","website":"www.washjeff.edu"},{"name":"Washington College","city":"Chestertown","state":"Maryland","conference":"Centennial Conference","division":"NCAA D3","ipedsid":"164216","latitude":"39.21733","longitude":"-76.06873","website":"www.washcoll.edu"},{"name":"Washington and Lee University","city":"Lexington","state":"Virginia","conference":"Old Dominion Athletic Conference","division":"NCAA D3","ipedsid":"234207","latitude":"37.78901","longitude":"-79.44285","website":"www.wlu.edu/"},{"name":"Waynesburg University","city":"Waynesburg","state":"Pennsylvania","conference":"Presidents' Athletic Conference","division":"NCAA D3","ipedsid":"216694","latitude":"39.89934","longitude":"-80.18745","website":"www.waynesburg.edu"},{"name":"Wells College","city":"Aurora","state":"New York","conference":"North Eastern Athletic Conference","division":"NCAA D3","ipedsid":"197230","latitude":"42.74434","longitude":"-76.69650","website":"www.wells.edu"},{"name":"West Chester University of Pennsylvania","city":"West Chester","state":"Pennsylvania","conference":"Pennsylvania State Athletic Conference","division":"NCAA D2","ipedsid":"216764","latitude":"39.95191","longitude":"-75.59852","website":"https://www.wcupa.edu"},{"name":"West Liberty University","city":"West Liberty","state":"West Virginia","conference":"Mountain East Conference","division":"NCAA D2","ipedsid":"237932","latitude":"40.16441","longitude":"-80.60226","website":"www.westliberty.edu/"},{"name":"West Virginia State University","city":"Institute","state":"West Virginia","conference":"Mountain East Conference","division":"NCAA D2","ipedsid":"237899","latitude":"38.37898","longitude":"-81.76803","website":"www.wvstateu.edu"},{"name":"West Virginia University","city":"Morgantown","state":"West Virginia","conference":"Big 12 Conference","division":"NCAA D1","ipedsid":"238032","latitude":"39.63473","longitude":"-79.95393","website":"www.wvu.edu"},{"name":"West Virginia University Institute of Technology","city":"Beckley","state":"West Virginia","conference":"River States Conference","division":"NAIA","ipedsid":"237950","latitude":"37.77590","longitude":"-81.18412","website":"www.wvutech.edu"},{"name":"West Virginia Wesleyan College","city":"Buckhannon","state":"West Virginia","conference":"Mountain East Conference","division":"NCAA D2","ipedsid":"237969","latitude":"38.99043","longitude":"-80.21707","website":"www.wvwc.edu"},{"name":"Western Carolina University","city":"Cullowhee","state":"North Carolina","conference":"Southern Conference","division":"NCAA D1","ipedsid":"200004","latitude":"35.30937","longitude":"-83.18457","website":"www.wcu.edu"},{"name":"Westmoreland County Community College","city":"Youngwood","state":"Pennsylvania","conference":"NJCAA Region 20","division":"JC","ipedsid":"216825","latitude":"40.23432","longitude":"-79.56486","website":"https://westmoreland.edu"},{"name":"Wheeling University","city":"Wheeling","state":"West Virginia","conference":"Mountain East Conference","division":"NCAA D2","ipedsid":"238078","latitude":"40.07162","longitude":"-80.69010","website":"www.wju.edu"},{"name":"Widener University","city":"Chester","state":"Pennsylvania","conference":"Middle Atlantic Conferences","division":"NCAA D3","ipedsid":"216852","latitude":"39.86174","longitude":"-75.35518","website":"www.widener.edu"},{"name":"Wilkes University","city":"Wilkes-Barre","state":"Pennsylvania","conference":"Middle Atlantic Conferences","division":"NCAA D3","ipedsid":"216931","latitude":"41.24492","longitude":"-75.88849","website":"www.wilkes.edu"},{"name":"William & Mary","city":"Williamsburg","state":"Virginia","conference":"Colonial Athletic Association","division":"NCAA D1","ipedsid":"231624","latitude":"37.27327","longitude":"-76.71966","website":"www.wm.edu"},{"name":"William Paterson University of New Jersey","city":"Wayne","state":"New Jersey","conference":"New Jersey Athletic Conference","division":"NCAA D3","ipedsid":"187444","latitude":"40.94589","longitude":"-74.19875","website":"www.wpunj.edu"},{"name":"William Peace University","city":"Raleigh","state":"North Carolina","conference":"USA South Athletic Conference","division":"NCAA D3","ipedsid":"199272","latitude":"35.78917","longitude":"-78.63775","website":"www.peace.edu"},{"name":"Williamson College of the Trades","city":"Media","state":"Pennsylvania","conference":"United States Collegiate Athletic Association","division":"JC","ipedsid":"216940","latitude":"39.90802","longitude":"-75.42205","website":"https://www.williamson.edu/"},{"name":"Wilmington University","city":"New Castle","state":"Delaware","conference":"Central Atlantic Collegiate Conference","division":"NCAA D2","ipedsid":"131113","latitude":"39.68308","longitude":"-75.58634","website":"www.wilmu.edu"},{"name":"Wilson College","city":"Chambersburg","state":"Pennsylvania","conference":"Colonial States Athletic Conference","division":"NCAA D3","ipedsid":"217013","latitude":"39.95015","longitude":"-77.64966","website":"www.wilson.edu"},{"name":"Wingate University","city":"Wingate","state":"North Carolina","conference":"South Atlantic Conference","division":"NCAA D2","ipedsid":"199962","latitude":"34.98589","longitude":"-80.44668","website":"https://www.wingate.edu"},{"name":"Yeshiva University","city":"New York","state":"New York","conference":"Skyline Conference","division":"NCAA D3","ipedsid":"197708","latitude":"40.85077","longitude":"-73.92851","website":"www.yu.edu"},{"name":"York College of Pennsylvania","city":"York","state":"Pennsylvania","conference":"Capital Athletic Conference","division":"NCAA D3","ipedsid":"217059","latitude":"39.94759","longitude":"-76.72872","website":"www.ycp.edu"}]